{
    "accuracy": 0.9291386682956628,
    "precision": 0.7572815533980582,
    "recall": 0.7027027027027027,
    "auc": 0.9116241683379491
}